{"NeuralNet": {"max_err": 5.596379035200812, "mse": 1.026824332501417, "mae": 0.5382205676580183, "r2": 0.9985574613036003}, "XGBoost": {"max_err": 6.573697242785883, "mse": 1.0506914788170625, "mae": 2.0830275104799512e-07, "r2": 0.9985239314377381}, "Forest": {"max_err": 8.44789007092217, "mse": 2.02219730977331, "mae": 0.339711879432711, "r2": 0.997159107182436}}